Platform,Event,Base_Mean,Event_Mean,Shift,P_Value
reddit,October_7,-0.0782671875,-0.164822777454968,-0.08655558995496801,0.09045817290456264
reddit,Al-Ahli_Hospital,-0.11996932515337423,-0.13715740309256513,-0.0171880779391909,0.5644938593556618
reddit,Iran_Strikes,-0.07759250300480769,-0.0977342861185793,-0.020141783113771614,0.00459591953799909
reddit,ICC_Arrest,-0.08144438927507448,-0.08865787507373664,-0.007213485798662156,0.49226193367942706
reddit,Doha_Attack,-0.14876200141609627,-0.14003357177766917,0.008728429638427099,0.33048474449988013
twitter,October_7,0.07471000000000001,-0.203435,-0.27814500000000003,5.839489458012659e-38
twitter,Al-Ahli_Hospital,-0.18577894736842104,-0.10086500000000001,0.08491394736842103,7.927090609456387e-05
twitter,Iran_Strikes,-0.14254,-0.41653684210526315,-0.27399684210526315,6.493087415292296e-43
twitter,ICC_Arrest,-0.16490526315789472,-0.1918936507936508,-0.02698838763575609,0.16428455272028214
twitter,Doha_Attack,-0.2525176470588235,-0.13438823529411767,0.11812941176470584,8.352990596778956e-13
